Amplicon,Fprimer,Fsequence,Rprimer,Rsequence
CAPV1,01F,AAACCTGTAAATGGATACTTTTTTCATTC,01R,ATTTGGAAATATAATTGTGTTAACTGTTCT
CAPV2,02F,TGTGAAAAATTAATCCATTCTTCTAAACAG,02R,TACATACATTTCAAGTACTAAAGAGAAGGAA
CAPV3,03F,ATGTCAACAACATTTTTGCTATTCAATG,03R,TTTTGGCCAGATATTTACAATGCTATCA
CAPV4,04F,GATGGACCTAATGGAGTTATTATTGAG,04R,GAAAAATCAAATGTAAACAAACAGCTGT
CAPV5,05F,ATTCCATCATTGTTTGGTATTATTCCA,05R,ACATATCATGTAAATAATAATAACGGAACAAC
CAPV6,06F,GCTGAAGAATATGAATACAATACGCTAT,06R,AAAAAACAAAATTTGAAGAACCTAAATCAG
CAPV7,07F,GTATTGTTCTCCAAGTTTTACATCCTT,07R,CACATTTCTATTTTTAATAAATACGATTCCTTTC
CAPV8,08F,ATCTCCGTTTGCTAAAAAAGATAAAGC,08R,CATCTATGATAAATCGCACTATGGGTTTTA
CAPV9,09F,TGGGACCCAAATTGTTCAGAATCTAA,09R,CAAATAGGCGATAGTAAAGAAAGC
CAPV10,10F,ATCCCACTTAAGATAATAAGATTTTTTAGAAAC,10R,TTCCTCAGATTATCCGCTAATTTATTTGA
CAPV11,11F,CTCTCTAATTTTAGTTATGTTTTCATCTATCCA,11R,AGAAAGGAATATTATATGCCCTATAGATATAGA
CAPV12,12F,CCCAGATAAAGACGCAATAAGTAGAT,12R,AACGAGTTGTTAGTCATTTGAGATAC
CAPV13,13F,ACCATTCCAGAATTAAGTTTGATAATAAAC,13R,GGGGGAAATTATTTCAGAGTTATTAGAT
CAPV14,14F,TATTATCATCGTTTCCAATTAATGAATTAATTAC,14R,CAACGAAAAACATTGATAAAATCTGATG
CAPV15,15F,CTTTGATGTTGTTACCACCTTTCC,15R,TTAAAAGAACAAAGTGGAATGGTAAGATAG
CAPV16,16F,GAGTAAGATTTGATTTTTGAGATGCTTG,16R,TTTTCAAACCCGTATTCATTTTTTACTG
CAPV17,17F,ACTAAGGTTTGTTTTAGATAAATGGGAT,17R,GTTTACAATTCTGCATATGATAGTTATATATGG
CAPV18,18F,GCCATCTAACTCTATTGTTAAATCCA,18R,CCTTTGCCTAAATCATCATTTTTCTC
CAPV19,19F,CCRTCTATAGATATTAGAATTGTTAGTAAACC,19R,GTATACATGATATTAGTGCAACATTGTTATG
CAPV20,20F,GTTTGTATGATGCCAGATTCAGATATTAC,20R,TAAACATAGACTCTTCTTTCGGTAGAC
CAPV21,21F,GTTCGGTTTCATATTTTTAGCATATTCAC,21R,TGATATAAGTTTCATCCAAAAATCATATGTTG
CAPV22,22F,GATTTACMCCACTTTTATCTTCTGTATATG,22R,GACATATTAGATTTTGGAAATATAAGAGGTG
CAPV23,23F,CCAAAAACGATTTCATTGTATAAAGAAC,23R,AAACCTGTAAATGGATACTTTTTTCATTCAATC
CAPV8alt,8_altF,GCAACATTGATATTCTACCTCCGTTAT,8_altR,CATTACATCTATGATAAATCGCACTATGG
CAPV15alt,15_altF,AATTCATTGGAAAATATACAATATCGTCAG,15_altR,TTAAAAGAACAAAGTGGAATGGTAAGATAG
CAPV19alt,19_altF,CCGTCTATAGATATTAGAATTATTAGTAAACC,19_altR,GTATACATGATATTAGTGCAACATTGTTATG